LAYER,NAR_ID,MAPPING,RECIPE,SOURCE_OAKPEAK2,TARGET_OAKPEAK2,BIRCHVALE2,XML_PATH,RECIPE_PATH,FIRPIER2
DWH,N/A,m_DWH_MAPLEGROVE_ACT_CLIENTMGR_PROFILES.xml,_ETL_m_DWH_MAPLEGROVE_ACT_CLIENTMGR_PROFILES.json,"[""joiner"",""BERYLFALLS"",""table""]","[""ASHPATH2"",""BERYLFALLS"",""table""]","[""EXP_PINECOMBE"",""EXP_OAKPEAK"",""EXP_CONCAT"",""EXP_DECODE"",""EXP_GET_SYSTEM_DATE"",""EXP_IIF"",""EXP_ISNULL"",""EXP_ASHBROOK"",""EXP_NOT"",""EXP_SUBSTR"",""EXP_TO_CHAR"",""EXP_TO_DATE"",""EXP_TO_DECIMAL"",""EXP_TRIM""]",DWH/m_DWH_MAPLEGROVE_ACT_CLIENTMGR_PROFILES.xml,DWH/m_DWH_MAPLEGROVE_ACT_CLIENTMGR_PROFILES/_ETL_m_DWH_MAPLEGROVE_ACT_CLIENTMGR_PROFILES.json,
ETL,N/A,m_DWH_E_F_OVERSIGHT.xml,_ETL_m_DWH_E_F_OVERSIGHT.json,"[""aggregator"",""filter"",""BERYLFALLS"",""table"",""union""]","[""aggregator"",""filter"",""BERYLFALLS"",""table"",""EARLYGLADE""]","[""EXP_ABS"",""EXP_PINECOMBE"",""EXP_OAKPEAK"",""EXP_CONCAT"",""EXP_GET_DATE_PART"",""EXP_GET_SYSTEM_DATE"",""EXP_IIF"",""EXP_IN"",""EXP_ISNULL"",""EXP_LAST_DAY"",""EXP_LENGTH"",""EXP_ASHBROOK"",""EXP_LPAD"",""EXP_NOT"",""EXP_SET_ID_MIS_ERP"",""EXP_SUBSTR"",""EXP_SUM"",""EXP_TO_CHAR"",""EXP_TO_DATE"",""EXP_TO_DECIMAL""]",ETL/m_DWH_E_F_OVERSIGHT.xml,ETL/m_DWH_E_F_OVERSIGHT/_ETL_m_DWH_E_F_OVERSIGHT.json,
ETL,N/A,m_DWH_E_MAPLESHORE_ERP_STAFF.xml,_ETL_m_DWH_E_MAPLESHORE_ERP_STAFF.json,"[""BERYLFALLS"",""table""]","[""BERYLFALLS"",""table""]","[""EXP_OAKPEAK"",""EXP_OUTERCROFT_TO_DATE"",""EXP_GET_SYSTEM_DATE"",""EXP_IIF"",""EXP_LPAD"",""EXP_SUBSTR"",""EXP_TO_DECIMAL"",""EXP_TRIM"",""EXP_MAPLEVALE_DATE"",""EXP_MAPLEVALE_DECIMAL"",""EXP_MAPLEVALE_NUM"",""EXP_MAPLEVALE_NUM_NOT_NULL"",""SequenceGenerator""]",ETL/m_DWH_E_MAPLESHORE_ERP_STAFF.xml,ETL/m_DWH_E_MAPLESHORE_ERP_STAFF/_ETL_m_DWH_E_MAPLESHORE_ERP_STAFF.json,
DWH,N/A,m_LOAD_LKP_MEMBER_SEGMENTED_RULESET_INSERT.xml,_ETL_m_LOAD_LKP_MEMBER_SEGMENTED_RULESET_INSERT.json,"[""aggregator"",""filter"",""BERYLFALLS"",""table""]","[""aggregator"",""filter"",""BERYLFALLS"",""table""]","[""EXP_OAKPEAK"",""EXP_GET_SYSTEM_DATE"",""EXP_IIF"",""EXP_ISNULL"",""EXP_ASHBROOK"",""EXP_MAX"",""EXP_MIN"",""EXP_TO_CHAR"",""EXP_TO_INTEGER""]",DWH/m_LOAD_LKP_MEMBER_SEGMENTED_RULESET_INSERT.xml,DWH/m_LOAD_LKP_MEMBER_SEGMENTED_RULESET_INSERT/_ETL_m_LOAD_LKP_MEMBER_SEGMENTED_RULESET_INSERT.json,
ETL,N/A,m_DWH_E_MAPLEGROVE_DEALFLOW_MIS_GCP1.xml,_ETL_m_DWH_E_MAPLEGROVE_DEALFLOW_MIS_GCP1.json,"[""filter"",""router"",""BERYLFALLS"",""table"",""union""]","[""filter"",""router"",""BERYLFALLS"",""table"",""EARLYGLADE""]","[""EXP_PINECOMBE"",""EXP_OAKPEAK"",""EXP_CONCAT"",""EXP_GET_SYSTEM_DATE"",""EXP_GREATEST"",""EXP_IIF"",""EXP_ISNULL"",""EXP_LENGTH"",""EXP_ASHBROOK"",""EXP_LPAD"",""EXP_NOT"",""EXP_BIRCHYARD"",""EXP_SUBSTR"",""EXP_TO_CHAR"",""EXP_TO_DECIMAL"",""EXP_TRIM"",""EXP_TRUNC""]",ETL/m_DWH_E_MAPLEGROVE_DEALFLOW_MIS_GCP1.xml,ETL/m_DWH_E_MAPLEGROVE_DEALFLOW_MIS_GCP1/_ETL_m_DWH_E_MAPLEGROVE_DEALFLOW_MIS_GCP1.json,
ETL,N/A,m_DWH_E_MAPLEGROVE_CALLHUB_MAPLEBEND_OAKRIVER.XML,_ETL_m_DWH_E_MAPLEGROVE_CALLHUB_MAPLEBEND_OAKRIVER.json,"[""java"",""BERYLFALLS"",""table""]","[""java"",""BERYLFALLS"",""table""]","[""EXP_PINECOMBE"",""EXP_OAKPEAK"",""EXP_GET_SYSTEM_DATE"",""EXP_IIF"",""EXP_INSTR"",""EXP_ISNULL"",""EXP_LENGTH"",""EXP_REPLACESTR"",""EXP_SUBSTR"",""EXP_TO_CHAR"",""EXP_TO_DATE"",""EXP_TO_DECIMAL""]",ETL/m_DWH_E_MAPLEGROVE_CALLHUB_MAPLEBEND_OAKRIVER.XML,ETL/m_DWH_E_MAPLEGROVE_CALLHUB_MAPLEBEND_OAKRIVER/_ETL_m_DWH_E_MAPLEGROVE_CALLHUB_MAPLEBEND_OAKRIVER.json,
DWH,N/A,m_OAKCOMBE3_ODS_TEZ52.xml,_ETL_m_OAKCOMBE3_ODS_TEZ52.json,"[""filter"",""BERYLFALLS"",""table""]","[""filter"",""BERYLFALLS"",""table""]","[""EXP_OAKPEAK"",""EXP_CONCAT"",""EXP_GET_SYSTEM_DATE"",""EXP_IIF"",""EXP_LENGTH"",""EXP_ASHBROOK"",""EXP_TRIM"",""EXP_UPPER"",""EXP_MAPLEVALE_LOOKUP""]",DWH/m_OAKCOMBE3_ODS_TEZ52.xml,DWH/m_OAKCOMBE3_ODS_TEZ52/_ETL_m_OAKCOMBE3_ODS_TEZ52.json,
DWH,N/A,m_DWH_MAPLEGROVE_PARTYPROFILE_INSERT.XML,_ETL_m_DWH_MAPLEGROVE_PARTYPROFILE_INSERT.json,"[""filter"",""BERYLFALLS"",""table""]","[""filter"",""BERYLFALLS"",""table""]","[""EXP_ADD_TO_DATE"",""EXP_OAKPEAK"",""EXP_GET_SYSTEM_DATE"",""EXP_IIF"",""EXP_ISNULL"",""EXP_ASHBROOK"",""EXP_TO_CHAR"",""EXP_ROWANCLIFF_OUTERCROFT""]",DWH/m_DWH_MAPLEGROVE_PARTYPROFILE_INSERT.XML,DWH/m_DWH_MAPLEGROVE_PARTYPROFILE_INSERT/_ETL_m_DWH_MAPLEGROVE_PARTYPROFILE_INSERT.json,
DWH,N/A,m_DWH_E_LKP_DIR_PHONELIST.xml,_ETL_m_DWH_E_LKP_DIR_PHONELIST.json,"[""filter"",""normalizer"",""BERYLFALLS"",""table"",""union""]","[""filter"",""normalizer"",""BERYLFALLS"",""table"",""EARLYGLADE""]","[""EXP_PINECOMBE"",""EXP_OAKPEAK"",""EXP_CONCAT"",""EXP_GET_SYSTEM_DATE"",""EXP_LENGTH"",""EXP_LPAD"",""EXP_SUBSTR"",""EXP_TO_CHAR"",""EXP_TO_DECIMAL"",""EXP_TRIM""]",DWH/m_DWH_E_LKP_DIR_PHONELIST.xml,DWH/m_DWH_E_LKP_DIR_PHONELIST/_ETL_m_DWH_E_LKP_DIR_PHONELIST.json,
QDM,N/A,m_GENERATE_ERROR_BRISKGROVE.XML,_ETL_m_GENERATE_ERROR_BRISKGROVE.json,"[""filter"",""BERYLFALLS"",""CEDARWICK2"",""table""]","[""filter"",""BERYLFALLS"",""CEDARWICK2"",""table""]","[""EXP_OAKPEAK"",""EXP_IIF""]",QDM/m_GENERATE_ERROR_BRISKGROVE.XML,QDM/m_GENERATE_ERROR_BRISKGROVE/_ETL_m_GENERATE_ERROR_BRISKGROVE.json,
DWH,N/A,m_DWH_MAPLEGROVE_GROUPING_MAPLEMILL4PINERIDGE_EX_INSERT.xml,_ETL_m_DWH_MAPLEGROVE_GROUPING_MAPLEMILL4PINERIDGE_EX_INSERT.json,"[""filter"",""BERYLFALLS"",""table""]","[""filter"",""BERYLFALLS"",""table""]","[""EXP_OAKPEAK"",""EXP_GET_SYSTEM_DATE"",""EXP_IIF"",""EXP_ISNULL"",""EXP_REPLACECHR""]",DWH/m_DWH_MAPLEGROVE_GROUPING_MAPLEMILL4PINERIDGE_EX_INSERT.xml,DWH/m_DWH_MAPLEGROVE_GROUPING_MAPLEMILL4PINERIDGE_EX_INSERT/_ETL_m_DWH_MAPLEGROVE_GROUPING_MAPLEMILL4PINERIDGE_EX_INSERT.json,
DWH,N/A,m_DWH_STMTS_BE_PROD_OAKWARD.xml,_ETL_m_DWH_STMTS_BE_PROD_OAKWARD.json,"[""BERYLFALLS"",""table""]","[""BERYLFALLS"",""table""]","[""EXP_OAKPEAK"",""EXP_GET_SYSTEM_DATE"",""EXP_IIF"",""EXP_IN"",""EXP_IS_NUMBER"",""EXP_LENGTH"",""EXP_NOT"",""EXP_SUBSTR"",""EXP_TO_DECIMAL""]",DWH/m_DWH_STMTS_BE_PROD_OAKWARD.xml,DWH/m_DWH_STMTS_BE_PROD_OAKWARD/_ETL_m_DWH_STMTS_BE_PROD_OAKWARD.json,
DWH,N/A,m_DWH_E_MAPLESHORE_MAPLEBARN_MEMBERS.xml,_ETL_m_DWH_E_MAPLESHORE_MAPLEBARN_MEMBERS.json,"[""BERYLFALLS"",""table""]","[""BERYLFALLS"",""table""]","[""EXP_ADD_TO_DATE"",""EXP_PINECOMBE"",""EXP_OAKPEAK"",""EXP_CONCAT"",""EXP_GET_SYSTEM_DATE"",""EXP_IIF"",""EXP_ISNULL"",""EXP_LENGTH"",""EXP_ASHBROOK"",""EXP_LPAD"",""EXP_REG_MATCH"",""EXP_SUBSTR"",""EXP_TO_CHAR"",""EXP_TO_DECIMAL"",""EXP_TRIM""]",DWH/m_DWH_E_MAPLESHORE_MAPLEBARN_MEMBERS.xml,DWH/m_DWH_E_MAPLESHORE_MAPLEBARN_MEMBERS/_ETL_m_DWH_E_MAPLESHORE_MAPLEBARN_MEMBERS.json,
DWH,N/A,m_LOAD_HIER_GRADING_MIS.xml,_ETL_m_LOAD_HIER_GRADING_MIS.json,"[""aggregator"",""BERYLFALLS"",""table""]","[""aggregator"",""BERYLFALLS"",""table""]","[""EXP_COUNT""]",DWH/m_LOAD_HIER_GRADING_MIS.xml,DWH/m_LOAD_HIER_GRADING_MIS/_ETL_m_LOAD_HIER_GRADING_MIS.json,
ETL,N/A,m_DWH_E_MAPLEGROVE_DEALFLOW_LINKED_RISKREG_GCP.xml,_ETL_m_DWH_E_MAPLEGROVE_DEALFLOW_LINKED_RISKREG_GCP.json,"[""aggregator"",""filter"",""BERYLFALLS"",""table"",""union""]","[""aggregator"",""filter"",""BERYLFALLS"",""table"",""EARLYGLADE""]","[""EXP_CONCAT"",""EXP_GET_SYSTEM_DATE"",""EXP_IIF"",""EXP_ISNULL"",""EXP_LPAD"",""EXP_NOT"",""EXP_RPAD"",""EXP_SUBSTR"",""EXP_TO_CHAR""]",ETL/m_DWH_E_MAPLEGROVE_DEALFLOW_LINKED_RISKREG_GCP.xml,ETL/m_DWH_E_MAPLEGROVE_DEALFLOW_LINKED_RISKREG_GCP/_ETL_m_DWH_E_MAPLEGROVE_DEALFLOW_LINKED_RISKREG_GCP.json,
ETL,N/A,m_DWH_E_MAPLEGROVE_CEDARYARD_PEARLPIER_Y_CEDARPIER_RATEIDX.xml,_ETL_m_DWH_E_MAPLEGROVE_CEDARYARD_PEARLPIER_Y_CEDARPIER_RATEIDX.json,"[""BERYLFALLS"",""table"",""union""]","[""BERYLFALLS"",""table"",""EARLYGLADE""]","[""EXP_OAKPEAK"",""EXP_CONCAT"",""EXP_DATE_DIFF"",""EXP_GET_SYSTEM_DATE"",""EXP_IIF"",""EXP_IN"",""EXP_ISNULL"",""EXP_ASHBROOK"",""EXP_LPAD"",""EXP_NOT"",""EXP_SUBSTR"",""EXP_TO_CHAR"",""EXP_TO_DATE"",""EXP_TO_DECIMAL"",""EXP_TRIM"",""EXP_UPPER""]",ETL/m_DWH_E_MAPLEGROVE_CEDARYARD_PEARLPIER_Y_CEDARPIER_RATEIDX.xml,ETL/m_DWH_E_MAPLEGROVE_CEDARYARD_PEARLPIER_Y_CEDARPIER_RATEIDX/_ETL_m_DWH_E_MAPLEGROVE_CEDARYARD_PEARLPIER_Y_CEDARPIER_RATEIDX.json,
ETL,N/A,m_DWH_E_MAPLESHORE_COREAPP_ENTITYREF_LAWFUL.xml,_ETL_m_DWH_E_MAPLESHORE_COREAPP_ENTITYREF_LAWFUL.json,"[""BERYLFALLS"",""table""]","[""BERYLFALLS"",""table""]","[""EXP_GET_SYSTEM_DATE"",""EXP_MAPLEVALE_NOT_NULL"",""SequenceGenerator""]",ETL/m_DWH_E_MAPLESHORE_COREAPP_ENTITYREF_LAWFUL.xml,ETL/m_DWH_E_MAPLESHORE_COREAPP_ENTITYREF_LAWFUL/_ETL_m_DWH_E_MAPLESHORE_COREAPP_ENTITYREF_LAWFUL.json,
CDM,N/A,m_DM_STG_LKP_MEMBER_CALLHUB.xml,_ETL_m_DM_STG_LKP_MEMBER_CALLHUB.json,"[""filter"",""BERYLFALLS"",""table""]","[""filter"",""BERYLFALLS"",""table""]","[""EXP_OAKPEAK"",""EXP_CONCAT"",""EXP_GET_SYSTEM_DATE"",""EXP_IIF"",""EXP_IN"",""EXP_ISNULL"",""EXP_IS_DATE"",""EXP_ASHBROOK"",""EXP_LPAD"",""EXP_NOT"",""EXP_SUBSTR"",""EXP_TO_CHAR"",""EXP_TO_DATE"",""EXP_TO_DECIMAL"",""EXP_TRIM""]",CDM/m_DM_STG_LKP_MEMBER_CALLHUB.xml,CDM/m_DM_STG_LKP_MEMBER_CALLHUB/_ETL_m_DM_STG_LKP_MEMBER_CALLHUB.json,
CDM,N/A,m_LKP_ACT_OPPORTUNITY_LEADREF.xml,_ETL_m_LKP_ACT_OPPORTUNITY_LEADREF.json,"[""BERYLFALLS"",""table""]","[""BERYLFALLS"",""table""]","[""EXP_CHR"",""EXP_GET_SYSTEM_DATE"",""EXP_REPLACESTR"",""EXP_TO_DATE""]",CDM/m_LKP_ACT_OPPORTUNITY_LEADREF.xml,CDM/m_LKP_ACT_OPPORTUNITY_LEADREF/_ETL_m_LKP_ACT_OPPORTUNITY_LEADREF.json,
RDM,N/A,m_RDM_TMP_DTX_ACTIVESET_RECAP.xml,_ETL_m_RDM_TMP_DTX_ACTIVESET_RECAP.json,"[""BERYLFALLS"",""table""]","[""BERYLFALLS"",""table""]","[""EXP_PINECOMBE"",""EXP_OAKPEAK"",""EXP_GREATEST"",""EXP_IIF"",""EXP_LEAST""]",RDM/m_RDM_TMP_DTX_ACTIVESET_RECAP.xml,RDM/m_RDM_TMP_DTX_ACTIVESET_RECAP/_ETL_m_RDM_TMP_DTX_ACTIVESET_RECAP.json,
ODS,MAPLEDELL_REDBARN_10012_1,m_ODS_MKTGCLOUD_MAPLEWARD.xml,_ETL_m_ODS_MKTGCLOUD_MAPLEWARD.json,"[""BERYLFALLS"",""table""]","[""BERYLFALLS"",""table""]","[""EXP_INNERSPRING_TIMESTAMP_INNERCREEK"",""EXP_GET_SYSTEM_DATE"",""EXP_TRIM"",""EXP_MAPLEVALE_DATE_NOT_NULL"",""EXP_MAPLEVALE_NUM"",""EXP_MAPLEVALE_NUM_NOT_NULL"",""EXP_MAPLEVALE_TIMESTAMP_HAZELPIER_MKTGCLOUD"",""EXP_MAPLEVALE_TIMESTAMP_HAZELPIER_MKTGCLOUD_NOT_NULL"",""EXP_MAPLEVALE_VARCHAR2_NOT_NULL"",""SequenceGenerator""]",ODS/MAPLEDELL_REDBARN_10012_1/m_ODS_MKTGCLOUD_MAPLEWARD.xml,ODS/MAPLEDELL_REDBARN_10012_1/m_ODS_MKTGCLOUD_MAPLEWARD/_ETL_m_ODS_MKTGCLOUD_MAPLEWARD.json,
ODS,FLINTFORGE_AND_PEARLWICK_10034_1,m_ODS_F_PM_MAPLEGATE_CREDITS.xml,_ETL_m_ODS_F_PM_MAPLEGATE_CREDITS.json,"[""BERYLFALLS"",""table""]","[""BERYLFALLS"",""table""]","[""EXP_GET_SYSTEM_DATE"",""EXP_LPAD"",""EXP_SUBSTR_ID_MIS"",""EXP_TO_CHAR"",""EXP_TRIM"",""EXP_MAPLEVALE_DATE"",""EXP_MAPLEVALE_DECIMAL"",""EXP_MAPLEVALE_DECIMAL_NOT_NULL"",""EXP_MAPLEVALE_NOT_NULL"",""EXP_MAPLEVALE_NUM"",""EXP_MAPLEVALE_NUM_NOT_NULL"",""EXP_MAPLEVALE_NUM_VARCHAR"",""EXP_MAPLEVALE_TIMESTAMP_HAZELPIER"",""EXP_MAPLEVALE_VARCHAR2_NOT_NULL"",""SequenceGenerator""]",ODS/FLINTFORGE_AND_PEARLWICK_10034_1/m_ODS_F_PM_MAPLEGATE_CREDITS.xml,ODS/FLINTFORGE_AND_PEARLWICK_10034_1/m_ODS_F_PM_MAPLEGATE_CREDITS/_ETL_m_ODS_F_PM_MAPLEGATE_CREDITS.json,
ODS,CLIENTMGR_ENGAGE_MEMBER_10049_2,m_ODS_ACT_GUIDE_AWAY_DAYS.xml,_ETL_m_ODS_ACT_GUIDE_AWAY_DAYS.json,"[""BERYLFALLS"",""table""]","[""BERYLFALLS"",""table""]","[""EXP_GET_SYSTEM_DATE"",""EXP_MAPLEVALE_TIMESTAMP_ENGAGE_1"",""EXP_MAPLEVALE_TIMESTAMP_ENGAGE_NOT_NULL_1"",""EXP_MAPLEVALE_TIMESTAMP_CALLHUB"",""EXP_MAPLEVALE_VARCHAR2_NOT_NULL"",""SequenceGenerator""]",ODS/CLIENTMGR_ENGAGE_MEMBER_10049_2/m_ODS_ACT_GUIDE_AWAY_DAYS.xml,ODS/CLIENTMGR_ENGAGE_MEMBER_10049_2/m_ODS_ACT_GUIDE_AWAY_DAYS/_ETL_m_ODS_ACT_GUIDE_AWAY_DAYS.json,
ODS,PINEVALE_10003_1,m_STG_MOD_ROWANBRIDGE.xml,_ETL_m_STG_MOD_ROWANBRIDGE.json,"[""BERYLFALLS"",""table""]","[""BERYLFALLS"",""table""]","[""EXP_GET_SYSTEM_DATE"",""EXP_MAPLEVALE_DATETIME"",""EXP_MAPLEVALE_NUM"",""EXP_MAPLEVALE_TIMESTAMP_GRAYWARD"",""SequenceGenerator""]",ODS/PINEVALE_10003_1/m_STG_MOD_ROWANBRIDGE.xml,ODS/PINEVALE_10003_1/m_STG_MOD_ROWANBRIDGE/_ETL_m_STG_MOD_ROWANBRIDGE.json,
ODS,RISKREG_10005_1,m_ODS_CEDARFIELD_OAKSTONE81S_OAKBEND001.xml,_ETL_m_ODS_CEDARFIELD_OAKSTONE81S_OAKBEND001.json,"[""BERYLFALLS"",""table""]","[""BERYLFALLS"",""table""]","[""EXP_GET_SYSTEM_DATE"",""EXP_LPAD"",""EXP_TRIM"",""EXP_MAPLEVALE_DATE_AGATEPATH_NOT_NULL"",""EXP_MAPLEVALE_DATE_NOT_NULL_RISKREG"",""EXP_MAPLEVALE_NUM_NOT_NULL"",""EXP_MAPLEVALE_VARCHAR2_NOT_NULL"",""SequenceGenerator""]",ODS/RISKREG_10005_1/m_ODS_CEDARFIELD_OAKSTONE81S_OAKBEND001.xml,ODS/RISKREG_10005_1/m_ODS_CEDARFIELD_OAKSTONE81S_OAKBEND001/_ETL_m_ODS_CEDARFIELD_OAKSTONE81S_OAKBEND001.json,
ODS,PINEPIER_DATA_10041_1,m_ODS_MAPLEROAD_65_MAPLECROSS_MAPLEFORD_RISKS.xml,_ETL_m_ODS_MAPLEROAD_65_MAPLECROSS_MAPLEFORD_RISKS.json,"[""BERYLFALLS"",""table""]","[""BERYLFALLS"",""table""]","[""EXP_OAKPEAK"",""EXP_GET_SYSTEM_DATE"",""EXP_IIF"",""EXP_TRIM"",""EXP_MAPLEVALE_DATE_NOT_NULL"",""EXP_MAPLEVALE_DECIMAL"",""EXP_MAPLEVALE_NOT_NULL"",""EXP_MAPLEVALE_NUM"",""EXP_MAPLEVALE_NUM_NOT_NULL"",""EXP_MAPLEVALE_TIMESTAMP_HAZELPIER_NOT_NULL"",""EXP_MAPLEVALE_TIMESTAMP_NOT_NULL"",""EXP_MAPLEVALE_VARCHAR2_NOT_NULL"",""SequenceGenerator""]",ODS/PINEPIER_DATA_10041_1/m_ODS_MAPLEROAD_65_MAPLECROSS_MAPLEFORD_RISKS.xml,ODS/PINEPIER_DATA_10041_1/m_ODS_MAPLEROAD_65_MAPLECROSS_MAPLEFORD_RISKS/_ETL_m_ODS_MAPLEROAD_65_MAPLECROSS_MAPLEFORD_RISKS.json,
ODS,NAVYGROVE_TEALTRAIL_10043_4,m_ODS_MAPLESTONE_MAPLEFORK_MAPLEPASS.XML,_ETL_m_ODS_MAPLESTONE_MAPLEFORK_MAPLEPASS.json,"[""BERYLFALLS"",""table""]","[""BERYLFALLS"",""table""]","[""EXP_GET_SYSTEM_DATE"",""EXP_TO_DECIMAL"",""EXP_TRIM"",""EXP_MAPLEVALE_DATE"",""EXP_MAPLEVALE_TIMESTAMP"",""EXP_MAPLEVALE_TIMESTAMP_2_NOT_NULL"",""EXP_MAPLEVALE_VARCHAR2_NOT_NULL"",""SequenceGenerator""]",ODS/NAVYGROVE_TEALTRAIL_10043_4/m_ODS_MAPLESTONE_MAPLEFORK_MAPLEPASS.XML,ODS/NAVYGROVE_TEALTRAIL_10043_4/m_ODS_MAPLESTONE_MAPLEFORK_MAPLEPASS/_ETL_m_ODS_MAPLESTONE_MAPLEFORK_MAPLEPASS.json,
ODS,CLIENTMGR_ENGAGE_MEMBER_10049_2,m_ODS_ACT_HANDLED_FLEX_NOTE.xml,_ETL_m_ODS_ACT_HANDLED_FLEX_NOTE.json,"[""BERYLFALLS"",""table""]","[""BERYLFALLS"",""table""]","[""EXP_GET_SYSTEM_DATE"",""EXP_MAPLEVALE_NUM"",""EXP_MAPLEVALE_TIMESTAMP_ENGAGE"",""EXP_MAPLEVALE_TIMESTAMP_CALLHUB_HAZELPIER"",""EXP_MAPLEVALE_VARCHAR2_NOT_NULL"",""SequenceGenerator""]",ODS/CLIENTMGR_ENGAGE_MEMBER_10049_2/m_ODS_ACT_HANDLED_FLEX_NOTE.xml,ODS/CLIENTMGR_ENGAGE_MEMBER_10049_2/m_ODS_ACT_HANDLED_FLEX_NOTE/_ETL_m_ODS_ACT_HANDLED_FLEX_NOTE.json,
ODS,PINEVALE_10003_1,m_ODS_PINEWICK_CEDARWARD_AUDIT_LOG_PINEVALE.xml,_ETL_m_ODS_PINEWICK_CEDARWARD_AUDIT_LOG_PINEVALE.json,"[""BERYLFALLS"",""table""]","[""BERYLFALLS"",""table""]","[""EXP_GET_SYSTEM_DATE"",""EXP_TO_DECIMAL"",""EXP_TRIM"",""EXP_MAPLEVALE_DATE_NOT_NULL"",""EXP_MAPLEVALE_NUM_NOT_NULL"",""EXP_MAPLEVALE_TIMESTAMP_3"",""EXP_MAPLEVALE_VARCHAR2_NOT_NULL"",""SequenceGenerator""]",ODS/PINEVALE_10003_1/m_ODS_PINEWICK_CEDARWARD_AUDIT_LOG_PINEVALE.xml,ODS/PINEVALE_10003_1/m_ODS_PINEWICK_CEDARWARD_AUDIT_LOG_PINEVALE/_ETL_m_ODS_PINEWICK_CEDARWARD_AUDIT_LOG_PINEVALE.json,
ODS,SOUTHPEAK_SOUTHTOWER_10004_1,m_ODS_TDX4_LOG_POUCH.xml,_ETL_m_ODS_TDX4_LOG_POUCH.json,"[""BERYLFALLS"",""table""]","[""BERYLFALLS"",""table""]","[""EXP_OAKPEAK"",""EXP_GET_SYSTEM_DATE"",""EXP_IIF"",""EXP_LPAD"",""EXP_SUBSTR"",""EXP_TO_CHAR"",""EXP_TRIM"",""EXP_MAPLEVALE_DATE"",""EXP_MAPLEVALE_DATE_AGATEPATH"",""EXP_MAPLEVALE_NUM"",""EXP_MAPLEVALE_TIMESTAMP_HAZELPIER"",""EXP_MAPLEVALE_VARCHAR2_NOT_NULL"",""SequenceGenerator""]",ODS/SOUTHPEAK_SOUTHTOWER_10004_1/m_ODS_TDX4_LOG_POUCH.xml,ODS/SOUTHPEAK_SOUTHTOWER_10004_1/m_ODS_TDX4_LOG_POUCH/_ETL_m_ODS_TDX4_LOG_POUCH.json,
ODS,TEALPASS_TEALTRACK_NAVYPEAK_ROWANHOLM_10007_1,m_STG_MOD_DEBTMGR.XML,_ETL_m_STG_MOD_DEBTMGR.json,"[""BERYLFALLS"",""table""]","[""BERYLFALLS"",""table""]","[""EXP_CEDARDOCK_DECIMAL"",""EXP_GET_SYSTEM_DATE"",""EXP_TO_DECIMAL"",""EXP_TRIM"",""EXP_MAPLEVALE_DATE"",""EXP_MAPLEVALE_DATE_NOT_NULL"",""EXP_MAPLEVALE_DECIMAL"",""EXP_MAPLEVALE_NOT_NULL"",""EXP_MAPLEVALE_NUM"",""SequenceGenerator""]",ODS/TEALPASS_TEALTRACK_NAVYPEAK_ROWANHOLM_10007_1/m_STG_MOD_DEBTMGR.XML,ODS/TEALPASS_TEALTRACK_NAVYPEAK_ROWANHOLM_10007_1/m_STG_MOD_DEBTMGR/_ETL_m_STG_MOD_DEBTMGR.json,
ODS,ACME_UPPERHEATH_10016_3,m_ODS_STMTS_CEDARRIDGE_OVERSIGHT.xml,_ETL_m_ODS_STMTS_CEDARRIDGE_OVERSIGHT.json,"[""BERYLFALLS"",""table""]","[""BERYLFALLS"",""table""]","[""EXP_GET_SYSTEM_DATE"",""EXP_IIF"",""EXP_ISNULL"",""EXP_LPAD"",""EXP_TRIM"",""EXP_MAPLEVALE_DECIMAL_NO_AMBERFIELD_FILES"",""EXP_MAPLEVALE_NOT_NULL"",""EXP_MAPLEVALE_NUM"",""EXP_MAPLEVALE_NUM_NOT_NULL"",""SequenceGenerator""]",ODS/ACME_UPPERHEATH_10016_3/m_ODS_STMTS_CEDARRIDGE_OVERSIGHT.xml,ODS/ACME_UPPERHEATH_10016_3/m_ODS_STMTS_CEDARRIDGE_OVERSIGHT/_ETL_m_ODS_STMTS_CEDARRIDGE_OVERSIGHT.json,
ODS,OUTERFORD_REDGLADE_10021_1,m_ODS_CEDARBLUFF_50_TREASURYSYS.xml,_ETL_m_ODS_CEDARBLUFF_50_TREASURYSYS.json,"[""BERYLFALLS"",""table""]","[""BERYLFALLS"",""table""]","[""EXP_GET_SYSTEM_DATE"",""EXP_LPAD"",""EXP_TO_CHAR"",""EXP_TRIM"",""EXP_MAPLEVALE_NOT_NULL"",""EXP_MAPLEVALE_NOT_NULL_CALMPATH"",""EXP_MAPLEVALE_NUM_NOT_NULL"",""EXP_MAPLEVALE_TIMESTAMP_HAZELPIER"",""SequenceGenerator""]",ODS/OUTERFORD_REDGLADE_10021_1/m_ODS_CEDARBLUFF_50_TREASURYSYS.xml,ODS/OUTERFORD_REDGLADE_10021_1/m_ODS_CEDARBLUFF_50_TREASURYSYS/_ETL_m_ODS_CEDARBLUFF_50_TREASURYSYS.json,
ODS,ELMMILL_ASHFIELD_10022_1,m_ODS_MAPLESPRING_11_ORDERS.xml,_ETL_m_ODS_MAPLESPRING_11_ORDERS.json,"[""BERYLFALLS"",""table""]","[""BERYLFALLS"",""table""]","[""EXP_GET_SYSTEM_DATE"",""EXP_LPAD"",""EXP_TRIM"",""EXP_MAPLEVALE_DATE"",""EXP_MAPLEVALE_DATE_NOT_NULL"",""EXP_MAPLEVALE_DECIMAL_NOT_NULL"",""EXP_MAPLEVALE_NOT_NULL"",""EXP_MAPLEVALE_NUM"",""EXP_MAPLEVALE_NUM_NOT_NULL"",""EXP_MAPLEVALE_TIMESTAMP_HAZELPIER"",""EXP_MAPLEVALE_TIME_NOT_NULL"",""SequenceGenerator""]",ODS/ELMMILL_ASHFIELD_10022_1/m_ODS_MAPLESPRING_11_ORDERS.xml,ODS/ELMMILL_ASHFIELD_10022_1/m_ODS_MAPLESPRING_11_ORDERS/_ETL_m_ODS_MAPLESPRING_11_ORDERS.json,
ODS,FIXED_CORALTOWER_TEALSTONE_10023_1,m_ODS_F_MAPLEPEAK_TERMSAVES.xml,_ETL_m_ODS_F_MAPLEPEAK_TERMSAVES.json,"[""BERYLFALLS"",""table""]","[""BERYLFALLS"",""table""]","[""EXP_GET_SYSTEM_DATE"",""EXP_LPAD"",""EXP_SUBSTR_ID_MIS"",""EXP_TO_CHAR"",""EXP_TO_DECIMAL"",""EXP_TRIM"",""EXP_MAPLEVALE_DATE"",""EXP_MAPLEVALE_DATE_NOT_NULL"",""EXP_MAPLEVALE_DECIMAL"",""EXP_MAPLEVALE_DECIMAL_NOT_NULL"",""EXP_MAPLEVALE_NOT_NULL"",""EXP_MAPLEVALE_NUM"",""EXP_MAPLEVALE_NUM_NOT_NULL"",""EXP_MAPLEVALE_TIMESTAMP_2"",""SequenceGenerator""]",ODS/FIXED_CORALTOWER_TEALSTONE_10023_1/m_ODS_F_MAPLEPEAK_TERMSAVES.xml,ODS/FIXED_CORALTOWER_TEALSTONE_10023_1/m_ODS_F_MAPLEPEAK_TERMSAVES/_ETL_m_ODS_F_MAPLEPEAK_TERMSAVES.json,
ODS,MAPLEMILL_NAVYRIDGE_PRISM_10025_1,m_ODS_MSGSYS_MSGFEED_MAPLEMILL.xml,_ETL_m_ODS_MSGSYS_MSGFEED_MAPLEMILL.json,"[""BERYLFALLS"",""table""]","[""BERYLFALLS"",""table""]","[""EXP_GET_SYSTEM_DATE"",""EXP_NOT"",""EXP_TRIM"",""EXP_MAPLEVALE_DATE"",""EXP_MAPLEVALE_DECIMAL"",""EXP_MAPLEVALE_DECIMAL_NOT_NULL"",""EXP_MAPLEVALE_NUM"",""EXP_MAPLEVALE_NUM_NOT_NULL"",""EXP_MAPLEVALE_TIMESTAMP_4"",""EXP_MAPLEVALE_VARCHAR2_NOT_NULL"",""SequenceGenerator""]",ODS/MAPLEMILL_NAVYRIDGE_PRISM_10025_1/m_ODS_MSGSYS_MSGFEED_MAPLEMILL.xml,ODS/MAPLEMILL_NAVYRIDGE_PRISM_10025_1/m_ODS_MSGSYS_MSGFEED_MAPLEMILL/_ETL_m_ODS_MSGSYS_MSGFEED_MAPLEMILL.json,
ODS,FIRBRIDGE_TABLES_10027_1,m_ODS_MAPLESHORE_CEDARVALE_PINEBRIDGE_BIRCHGATE.XML,_ETL_m_ODS_MAPLESHORE_CEDARVALE_PINEBRIDGE_BIRCHGATE.json,"[""BERYLFALLS"",""table""]","[""BERYLFALLS"",""table""]","[""EXP_GET_SYSTEM_DATE"",""EXP_TRIM"",""EXP_MAPLEVALE_NOT_NULL_DEFAULT"",""SequenceGenerator""]",ODS/FIRBRIDGE_TABLES_10027_1/m_ODS_MAPLESHORE_CEDARVALE_PINEBRIDGE_BIRCHGATE.XML,ODS/FIRBRIDGE_TABLES_10027_1/m_ODS_MAPLESHORE_CEDARVALE_PINEBRIDGE_BIRCHGATE/_ETL_m_ODS_MAPLESHORE_CEDARVALE_PINEBRIDGE_BIRCHGATE.json,
ODS,CALMDOCK_CALMFORK_10031_1,m_ODS_TSX61.XML,_ETL_m_ODS_TSX61.json,"[""BERYLFALLS"",""table""]","[""BERYLFALLS"",""table""]","[""EXP_GET_SYSTEM_DATE"",""EXP_LPAD"",""EXP_TO_CHAR"",""EXP_TRIM"",""EXP_MAPLEVALE_DATE"",""EXP_MAPLEVALE_INNERPASS_NOT_NULL"",""EXP_MAPLEVALE_NUM"",""EXP_MAPLEVALE_TIMESTAMP_HAZELPIER"",""SequenceGenerator""]",ODS/CALMDOCK_CALMFORK_10031_1/m_ODS_TSX61.XML,ODS/CALMDOCK_CALMFORK_10031_1/m_ODS_TSX61/_ETL_m_ODS_TSX61.json,
ODS,MIS_10035_2,m_ODS_MOD_MAPLETHORP_FLOWS.XML,_ETL_m_ODS_MOD_MAPLETHORP_FLOWS.json,"[""BERYLFALLS"",""table""]","[""BERYLFALLS"",""table""]","[""EXP_GET_SYSTEM_DATE"",""EXP_LPAD"",""EXP_TO_CHAR"",""EXP_TO_DECIMAL"",""EXP_TRIM"",""EXP_MAPLEVALE_DATE"",""EXP_MAPLEVALE_DECIMAL_ODS"",""EXP_MAPLEVALE_NUM"",""EXP_MAPLEVALE_NUM_NOT_NULL""]",ODS/MIS_10035_2/m_ODS_MOD_MAPLETHORP_FLOWS.XML,ODS/MIS_10035_2/m_ODS_MOD_MAPLETHORP_FLOWS/_ETL_m_ODS_MOD_MAPLETHORP_FLOWS.json,
ODS,MIS_10035_2,m_ODS_TGX026_MAPLESHORE_FCH_OAKPASS.xml,_ETL_m_ODS_TGX026_MAPLESHORE_FCH_OAKPASS.json,"[""BERYLFALLS"",""table""]","[""BERYLFALLS"",""table""]","[""EXP_GET_SYSTEM_DATE"",""EXP_MAPLEVALE_DATE"",""EXP_MAPLEVALE_DATE_CALMBROOK_NOT_NULL"",""EXP_MAPLEVALE_DECIMAL"",""SequenceGenerator""]",ODS/MIS_10035_2/m_ODS_TGX026_MAPLESHORE_FCH_OAKPASS.xml,ODS/MIS_10035_2/m_ODS_TGX026_MAPLESHORE_FCH_OAKPASS/_ETL_m_ODS_TGX026_MAPLESHORE_FCH_OAKPASS.json,
ODS,MIS_10035_2,m_STG_LKP_MEMBER_MIS_MAPLEGROVE.xml,_ETL_m_STG_LKP_MEMBER_MIS_MAPLEGROVE.json,"[""normalizer"",""table""]","[""normalizer"",""table""]","[""EXP_GET_SYSTEM_DATE"",""EXP_MAPLEVALE_SHARPCLIFF_HANDLER"",""EXP_MAPLEVALE_NUM"",""EXP_MAPLEVALE_NUM_NOT_NULL"",""SequenceGenerator""]",ODS/MIS_10035_2/m_STG_LKP_MEMBER_MIS_MAPLEGROVE.xml,ODS/MIS_10035_2/m_STG_LKP_MEMBER_MIS_MAPLEGROVE/_ETL_m_STG_LKP_MEMBER_MIS_MAPLEGROVE.json,
ODS,CORALROAD_ROWANSTONE_AGGREGATOR_ROWANHOLM_10036_1,m_ODS_PINEGATE_05_PINESTONE_MAPLEDELL.XML,_ETL_m_ODS_PINEGATE_05_PINESTONE_MAPLEDELL.json,"[""BERYLFALLS"",""table""]","[""BERYLFALLS"",""table""]","[""EXP_GET_SYSTEM_DATE"",""EXP_TRIM"",""EXP_MAPLEVALE_NUM"",""EXP_MAPLEVALE_NUM_NOT_NULL"",""EXP_MAPLEVALE_TIMESTAMP_5"",""SequenceGenerator""]",ODS/CORALROAD_ROWANSTONE_AGGREGATOR_ROWANHOLM_10036_1/m_ODS_PINEGATE_05_PINESTONE_MAPLEDELL.XML,ODS/CORALROAD_ROWANSTONE_AGGREGATOR_ROWANHOLM_10036_1/m_ODS_PINEGATE_05_PINESTONE_MAPLEDELL/_ETL_m_ODS_PINEGATE_05_PINESTONE_MAPLEDELL.json,
ODS,CALLHUB_CEDARFORGE_OUTERLANE_10039_1,m_ODS_CALLHUB_ASHMARSH.XML,_ETL_m_ODS_CALLHUB_ASHMARSH.json,"[""BERYLFALLS"",""table""]","[""BERYLFALLS"",""table""]","[""EXP_GET_SYSTEM_DATE"",""EXP_TRIM"",""EXP_MAPLEVALE_TIMESTAMP_CALLHUB_HAZELPIER_1"",""EXP_MAPLEVALE_VARCHAR2_NOT_NULL"",""SequenceGenerator""]",ODS/CALLHUB_CEDARFORGE_OUTERLANE_10039_1/m_ODS_CALLHUB_ASHMARSH.XML,ODS/CALLHUB_CEDARFORGE_OUTERLANE_10039_1/m_ODS_CALLHUB_ASHMARSH/_ETL_m_ODS_CALLHUB_ASHMARSH.json,
ODS,CALLHUB_CEDARFORGE_OUTERLANE_10039_1,m_ODS_CALLHUB_MAPLEBEND_CEDARRIVER.XML,_ETL_m_ODS_CALLHUB_MAPLEBEND_CEDARRIVER.json,"[""BERYLFALLS"",""table""]","[""BERYLFALLS"",""table""]","[""EXP_GET_SYSTEM_DATE"",""EXP_TRIM"",""EXP_MAPLEVALE_DATE"",""EXP_MAPLEVALE_NUM"",""EXP_MAPLEVALE_TIMESTAMP_CALLHUB_2"",""EXP_MAPLEVALE_VARCHAR2_NOT_NULL"",""SequenceGenerator""]",ODS/CALLHUB_CEDARFORGE_OUTERLANE_10039_1/m_ODS_CALLHUB_MAPLEBEND_CEDARRIVER.XML,ODS/CALLHUB_CEDARFORGE_OUTERLANE_10039_1/m_ODS_CALLHUB_MAPLEBEND_CEDARRIVER/_ETL_m_ODS_CALLHUB_MAPLEBEND_CEDARRIVER.json,
ODS,BLUEWARD_HAZELMILL_10055_1,m_ODS_MAPLECROFT_04_MAPLEHOLM.XML,_ETL_m_ODS_MAPLECROFT_04_MAPLEHOLM.json,"[""BERYLFALLS"",""table""]","[""BERYLFALLS"",""table""]","[""EXP_OAKPEAK"",""EXP_GET_SYSTEM_DATE"",""EXP_IIF"",""EXP_LPAD"",""EXP_REG_REPLACE"",""EXP_TRIM"",""EXP_MAPLEVALE_DATE"",""EXP_MAPLEVALE_DATE_NOT_NULL"",""EXP_MAPLEVALE_DECIMAL"",""EXP_MAPLEVALE_NUM"",""EXP_MAPLEVALE_NUM_NOT_NULL"",""EXP_MAPLEVALE_TIMESTAMP_HAZELPIER"",""EXP_MAPLEVALE_VARCHAR2_NOT_NULL"",""SequenceGenerator""]",ODS/BLUEWARD_HAZELMILL_10055_1/m_ODS_MAPLECROFT_04_MAPLEHOLM.XML,ODS/BLUEWARD_HAZELMILL_10055_1/m_ODS_MAPLECROFT_04_MAPLEHOLM/_ETL_m_ODS_MAPLECROFT_04_MAPLEHOLM.json,
